<?xml version="1.0" encoding="UTF-8"?>
<beans xmlns="http://www.springframework.org/schema/beans"
       xmlns:xsi="http://www.w3.org/2001/XMLSchema-instance"
       xmlns:aop="http://www.springframework.org/schema/aop"
       xmlns:context="http://www.springframework.org/schema/context"
       xmlns:flow="http://www.springframework.org/schema/webflow-config"
       xmlns:jms="http://www.springframework.org/schema/jms"
       xmlns:jee="http://www.springframework.org/schema/jee"
       xmlns:lang="http://www.springframework.org/schema/lang"
       xmlns:osgi="http://www.springframework.org/schema/osgi"
       xmlns:tx="http://www.springframework.org/schema/tx"
       xmlns:util="http://www.springframework.org/schema/util"
       xmlns:p="http://www.springframework.org/schema/p"
       xmlns:task="http://www.springframework.org/schema/task"
       xmlns:mongo="http://www.springframework.org/schema/data/mongo"
       xsi:schemaLocation="http://www.springframework.org/schema/beans http://www.springframework.org/schema/beans/spring-beans-3.1.xsd
                           http://www.springframework.org/schema/aop http://www.springframework.org/schema/aop/spring-aop-3.1.xsd
                           http://www.springframework.org/schema/context http://www.springframework.org/schema/context/spring-context-3.1.xsd
                           http://www.springframework.org/schema/webflow-config http://www.springframework.org/schema/webflow-config/spring-webflow-config-3.1.xsd
                           http://www.springframework.org/schema/jms http://www.springframework.org/schema/jms/spring-jms-3.1.xsd
                           http://www.springframework.org/schema/jee http://www.springframework.org/schema/jee/spring-jee-3.1.xsd
                           http://www.springframework.org/schema/lang http://www.springframework.org/schema/lang/spring-lang-3.1.xsd
                           http://www.springframework.org/schema/osgi http://www.springframework.org/schema/osgi/spring-osgi-3.1.xsd
                           http://www.springframework.org/schema/tx http://www.springframework.org/schema/tx/spring-tx-3.1.xsd
                           http://www.springframework.org/schema/util http://www.springframework.org/schema/util/spring-util-3.1.xsd
                           http://www.springframework.org/schema/task http://www.springframework.org/schema/task/spring-task-3.1.xsd
                           http://www.springframework.org/schema/data/mongo http://www.springframework.org/schema/data/mongo/spring-mongo-1.0.xsd">

    <aop:aspectj-autoproxy proxy-target-class="true"/>

    <context:annotation-config/>
    <context:component-scan base-package="com.mycompany.packtprimeuidemo"/>
    <context:component-scan base-package="com.mycompany.packtprimeuidemo.web.service"/>
    <context:component-scan base-package="com.mycompany.packtprimeuidemo.dao"/>
    

   <mongo:repositories base-package="com.mycompany.packtprimeuidemo.dao">
        <mongo:repository id="personDao"/>
    </mongo:repositories>
</beans>